#key	value
name	AmadeusWeb
byline	A DAWN Site
year	2019

|labels and messages
iconName	AmadeusWeb.in
siteMenuName	AW Home
description	[describe the website]
notes	notes/status
welcome-message	This is a DAWN Site
footer-message	DAWN

|img and styles
safeName	amadeusweb	//NOTE: used in getLogoOr
mediakit	?palette=default
|fonts	cursive=Eagle+Lake&menu=Quintessential&menu-size=1.3rem

|technical
sections	
local-url	http://localhost/amadeusweb/www/
live-url	https://amadeusweb.in/
